# path	total	silent_pass	reason
src/openminion/api/agent.py	1	0	current broad-handler baseline; ratchet by narrowing or typed-boundary-keep disposition
src/openminion/api/config.py	1	0	current broad-handler baseline; ratchet by narrowing or typed-boundary-keep disposition
src/openminion/api/core/deps.py	5	1	current broad-handler baseline; ratchet by narrowing or typed-boundary-keep disposition
src/openminion/api/core/infrastructure.py	1	0	current broad-handler baseline; ratchet by narrowing or typed-boundary-keep disposition
src/openminion/api/core/turn_execution.py	1	0	current broad-handler baseline; ratchet by narrowing or typed-boundary-keep disposition
src/openminion/api/operations/skill.py	1	0	current broad-handler baseline; ratchet by narrowing or typed-boundary-keep disposition
src/openminion/api/operations/turn_inputs.py	3	1	current broad-handler baseline; ratchet by narrowing or typed-boundary-keep disposition
src/openminion/api/queries/agents.py	1	0	current broad-handler baseline; ratchet by narrowing or typed-boundary-keep disposition
src/openminion/api/queries/runtime_reports.py	3	0	current broad-handler baseline; ratchet by narrowing or typed-boundary-keep disposition
src/openminion/api/queries/self_model.py	7	0	current broad-handler baseline; ratchet by narrowing or typed-boundary-keep disposition
src/openminion/api/routes/admin.py	1	0	current broad-handler baseline; ratchet by narrowing or typed-boundary-keep disposition
src/openminion/api/routes/agent.py	3	0	current broad-handler baseline; ratchet by narrowing or typed-boundary-keep disposition
src/openminion/api/routes/cron.py	4	0	current broad-handler baseline; ratchet by narrowing or typed-boundary-keep disposition
src/openminion/api/routes/debug.py	1	0	current broad-handler baseline; ratchet by narrowing or typed-boundary-keep disposition
src/openminion/api/routes/runtime.py	2	0	current broad-handler baseline; ratchet by narrowing or typed-boundary-keep disposition
src/openminion/api/routes/turns.py	3	1	current broad-handler baseline; ratchet by narrowing or typed-boundary-keep disposition
src/openminion/api/runtime.py	1	0	current broad-handler baseline; ratchet by narrowing or typed-boundary-keep disposition
src/openminion/api/server/streaming.py	1	0	current broad-handler baseline; ratchet by narrowing or typed-boundary-keep disposition
src/openminion/base/debug.py	1	0	current broad-handler baseline; ratchet by narrowing or typed-boundary-keep disposition
src/openminion/base/logging.py	1	0	current broad-handler baseline; ratchet by narrowing or typed-boundary-keep disposition
src/openminion/base/runtime/runners.py	4	0	current broad-handler baseline; ratchet by narrowing or typed-boundary-keep disposition
src/openminion/cli/bootstrap/update.py	1	0	current broad-handler baseline; ratchet by narrowing or typed-boundary-keep disposition
src/openminion/cli/commands/agent.py	1	0	current broad-handler baseline; ratchet by narrowing or typed-boundary-keep disposition
src/openminion/cli/commands/agent_check.py	2	0	current broad-handler baseline; ratchet by narrowing or typed-boundary-keep disposition
src/openminion/cli/commands/agents.py	7	2	current broad-handler baseline; ratchet by narrowing or typed-boundary-keep disposition
src/openminion/cli/commands/api.py	3	0	current broad-handler baseline; ratchet by narrowing or typed-boundary-keep disposition
src/openminion/cli/commands/autonomy.py	1	0	current broad-handler baseline; ratchet by narrowing or typed-boundary-keep disposition
src/openminion/cli/commands/channel.py	5	0	current broad-handler baseline; ratchet by narrowing or typed-boundary-keep disposition
src/openminion/cli/commands/cron.py	6	1	current broad-handler baseline; ratchet by narrowing or typed-boundary-keep disposition
src/openminion/cli/commands/debug/cli.py	5	2	current broad-handler baseline; ratchet by narrowing or typed-boundary-keep disposition
src/openminion/cli/commands/debug/providers/core.py	4	1	current broad-handler baseline; ratchet by narrowing or typed-boundary-keep disposition
src/openminion/cli/commands/debug/providers/modules.py	20	3	current broad-handler baseline; ratchet by narrowing or typed-boundary-keep disposition
src/openminion/cli/commands/debug/providers/tools.py	4	0	current broad-handler baseline; ratchet by narrowing or typed-boundary-keep disposition
src/openminion/cli/commands/doctor.py	2	0	current broad-handler baseline; ratchet by narrowing or typed-boundary-keep disposition
src/openminion/cli/commands/gateway.py	1	0	current broad-handler baseline; ratchet by narrowing or typed-boundary-keep disposition
src/openminion/cli/commands/interactive.py	3	0	current broad-handler baseline; ratchet by narrowing or typed-boundary-keep disposition
src/openminion/cli/commands/room.py	4	0	current broad-handler baseline; ratchet by narrowing or typed-boundary-keep disposition
src/openminion/cli/commands/sessions.py	5	0	current broad-handler baseline; ratchet by narrowing or typed-boundary-keep disposition
src/openminion/cli/commands/skill.py	16	4	current broad-handler baseline; ratchet by narrowing or typed-boundary-keep disposition
src/openminion/cli/commands/status/identity.py	1	1	current broad-handler baseline; ratchet by narrowing or typed-boundary-keep disposition
src/openminion/cli/commands/storage.py	8	2	current broad-handler baseline; ratchet by narrowing or typed-boundary-keep disposition
src/openminion/cli/interactive/app.py	1	0	current broad-handler baseline; ratchet by narrowing or typed-boundary-keep disposition
src/openminion/cli/interactive/commands.py	5	0	current broad-handler baseline; ratchet by narrowing or typed-boundary-keep disposition
src/openminion/cli/interactive/runtime/__init__.py	3	0	current broad-handler baseline; ratchet by narrowing or typed-boundary-keep disposition
src/openminion/cli/interactive/runtime/commands.py	4	0	current broad-handler baseline; ratchet by narrowing or typed-boundary-keep disposition
src/openminion/cli/interactive/runtime/controls.py	4	1	current broad-handler baseline; ratchet by narrowing or typed-boundary-keep disposition
src/openminion/cli/interactive/runtime/mcp.py	2	0	current broad-handler baseline; ratchet by narrowing or typed-boundary-keep disposition
src/openminion/cli/interactive/screen.py	2	0	current broad-handler baseline; ratchet by narrowing or typed-boundary-keep disposition
src/openminion/cli/interactive/shell.py	1	0	current broad-handler baseline; ratchet by narrowing or typed-boundary-keep disposition
src/openminion/cli/interactive/status.py	1	0	current broad-handler baseline; ratchet by narrowing or typed-boundary-keep disposition
src/openminion/cli/interactive/terminal/composer.py	3	0	current broad-handler baseline; ratchet by narrowing or typed-boundary-keep disposition
src/openminion/cli/interactive/terminal/shell/__init__.py	6	0	current broad-handler baseline; ratchet by narrowing or typed-boundary-keep disposition
src/openminion/cli/interactive/terminal/shell/actions.py	4	0	current broad-handler baseline; ratchet by narrowing or typed-boundary-keep disposition
src/openminion/cli/interactive/terminal/shell/renderers.py	5	0	current broad-handler baseline; ratchet by narrowing or typed-boundary-keep disposition
src/openminion/cli/interactive/terminal/shell/sessions.py	3	0	current broad-handler baseline; ratchet by narrowing or typed-boundary-keep disposition
src/openminion/cli/interactive/terminal/streaming.py	1	0	current broad-handler baseline; ratchet by narrowing or typed-boundary-keep disposition
src/openminion/cli/interactive/terminal/transcript.py	1	0	current broad-handler baseline; ratchet by narrowing or typed-boundary-keep disposition
src/openminion/cli/interactive/turn_queue.py	1	1	current broad-handler baseline; ratchet by narrowing or typed-boundary-keep disposition
src/openminion/cli/interactive/widgets/mention_overlay.py	1	0	current broad-handler baseline; ratchet by narrowing or typed-boundary-keep disposition
src/openminion/cli/interactive/widgets/slash_overlay.py	1	0	current broad-handler baseline; ratchet by narrowing or typed-boundary-keep disposition
src/openminion/cli/presentation/animation/registry.py	3	0	current broad-handler baseline; ratchet by narrowing or typed-boundary-keep disposition
src/openminion/cli/presentation/tool/blocks.py	1	1	current broad-handler baseline; ratchet by narrowing or typed-boundary-keep disposition
src/openminion/cli/presentation/visible_parity.py	4	0	current broad-handler baseline; ratchet by narrowing or typed-boundary-keep disposition
src/openminion/cli/status/surface.py	1	0	current broad-handler baseline; ratchet by narrowing or typed-boundary-keep disposition
src/openminion/cli/transport/daemon_client.py	2	1	current broad-handler baseline; ratchet by narrowing or typed-boundary-keep disposition
src/openminion/daemon.py	7	0	current broad-handler baseline; ratchet by narrowing or typed-boundary-keep disposition
src/openminion/modules/a2a/runtime.py	3	0	current broad-handler baseline; ratchet by narrowing or typed-boundary-keep disposition
src/openminion/modules/a2a/storage/__init__.py	1	0	current broad-handler baseline; ratchet by narrowing or typed-boundary-keep disposition
src/openminion/modules/a2a/storage/archive.py	2	0	current broad-handler baseline; ratchet by narrowing or typed-boundary-keep disposition
src/openminion/modules/artifact/control.py	4	0	current broad-handler baseline; ratchet by narrowing or typed-boundary-keep disposition
src/openminion/modules/artifact/storage/store.py	1	0	current broad-handler baseline; ratchet by narrowing or typed-boundary-keep disposition
src/openminion/modules/brain/adapters/a2a/runtime.py	9	0	current broad-handler baseline; ratchet by narrowing or typed-boundary-keep disposition
src/openminion/modules/brain/adapters/artifact/runtime.py	2	0	current broad-handler baseline; ratchet by narrowing or typed-boundary-keep disposition
src/openminion/modules/brain/adapters/context/bridges/artifact.py	2	0	current broad-handler baseline; ratchet by narrowing or typed-boundary-keep disposition
src/openminion/modules/brain/adapters/context/bridges/compress.py	3	0	current broad-handler baseline; ratchet by narrowing or typed-boundary-keep disposition
src/openminion/modules/brain/adapters/context/bridges/identity.py	3	0	current broad-handler baseline; ratchet by narrowing or typed-boundary-keep disposition
src/openminion/modules/brain/adapters/context/bridges/memory.py	14	0	current broad-handler baseline; ratchet by narrowing or typed-boundary-keep disposition
src/openminion/modules/brain/adapters/context/bridges/session.py	2	1	current broad-handler baseline; ratchet by narrowing or typed-boundary-keep disposition
src/openminion/modules/brain/adapters/context/bridges/shared.py	2	0	current broad-handler baseline; ratchet by narrowing or typed-boundary-keep disposition
src/openminion/modules/brain/adapters/context/bridges/skill.py	4	0	current broad-handler baseline; ratchet by narrowing or typed-boundary-keep disposition
src/openminion/modules/brain/adapters/context/runtime.py	1	0	current broad-handler baseline; ratchet by narrowing or typed-boundary-keep disposition
src/openminion/modules/brain/adapters/factory/artifactctl.py	1	0	current broad-handler baseline; ratchet by narrowing or typed-boundary-keep disposition
src/openminion/modules/brain/adapters/factory/memory.py	2	2	current broad-handler baseline; ratchet by narrowing or typed-boundary-keep disposition
src/openminion/modules/brain/adapters/factory/skill.py	1	0	current broad-handler baseline; ratchet by narrowing or typed-boundary-keep disposition
src/openminion/modules/brain/adapters/llm/local.py	1	0	current broad-handler baseline; ratchet by narrowing or typed-boundary-keep disposition
src/openminion/modules/brain/adapters/llm/model_profiles/resolver.py	2	0	current broad-handler baseline; ratchet by narrowing or typed-boundary-keep disposition
src/openminion/modules/brain/adapters/llm/normalize.py	2	0	current broad-handler baseline; ratchet by narrowing or typed-boundary-keep disposition
src/openminion/modules/brain/adapters/llm/request.py	1	0	current broad-handler baseline; ratchet by narrowing or typed-boundary-keep disposition
src/openminion/modules/brain/adapters/llm/runtime.py	5	1	current broad-handler baseline; ratchet by narrowing or typed-boundary-keep disposition
src/openminion/modules/brain/adapters/memory/runtime.py	5	0	current broad-handler baseline; ratchet by narrowing or typed-boundary-keep disposition
src/openminion/modules/brain/adapters/recursive/clients.py	2	0	current broad-handler baseline; ratchet by narrowing or typed-boundary-keep disposition
src/openminion/modules/brain/adapters/session/runtime.py	2	0	current broad-handler baseline; ratchet by narrowing or typed-boundary-keep disposition
src/openminion/modules/brain/adapters/tool/results.py	1	0	current broad-handler baseline; ratchet by narrowing or typed-boundary-keep disposition
src/openminion/modules/brain/adapters/tool/runtime.py	6	0	current broad-handler baseline; ratchet by narrowing or typed-boundary-keep disposition
src/openminion/modules/brain/bootstrap/freshness_classify.py	1	0	current broad-handler baseline; ratchet by narrowing or typed-boundary-keep disposition
src/openminion/modules/brain/bootstrap/skill/pipeline.py	2	0	current broad-handler baseline; ratchet by narrowing or typed-boundary-keep disposition
src/openminion/modules/brain/bootstrap/skill/selection.py	4	0	current broad-handler baseline; ratchet by narrowing or typed-boundary-keep disposition
src/openminion/modules/brain/bootstrap/validators.py	1	0	current broad-handler baseline; ratchet by narrowing or typed-boundary-keep disposition
src/openminion/modules/brain/checkpoint/manager.py	1	0	current broad-handler baseline; ratchet by narrowing or typed-boundary-keep disposition
src/openminion/modules/brain/config.py	1	0	current broad-handler baseline; ratchet by narrowing or typed-boundary-keep disposition
src/openminion/modules/brain/diagnostics/status.py	1	0	current broad-handler baseline; ratchet by narrowing or typed-boundary-keep disposition
src/openminion/modules/brain/execution/entry.py	2	0	current broad-handler baseline; ratchet by narrowing or typed-boundary-keep disposition
src/openminion/modules/brain/execution/feasibility.py	1	0	current broad-handler baseline; ratchet by narrowing or typed-boundary-keep disposition
src/openminion/modules/brain/execution/jobs.py	1	0	current broad-handler baseline; ratchet by narrowing or typed-boundary-keep disposition
src/openminion/modules/brain/execution/judgment_context.py	1	0	current broad-handler baseline; ratchet by narrowing or typed-boundary-keep disposition
src/openminion/modules/brain/execution/lifecycle.py	1	0	current broad-handler baseline; ratchet by narrowing or typed-boundary-keep disposition
src/openminion/modules/brain/execution/memory/base.py	4	0	current broad-handler baseline; ratchet by narrowing or typed-boundary-keep disposition
src/openminion/modules/brain/execution/memory/records.py	3	0	current broad-handler baseline; ratchet by narrowing or typed-boundary-keep disposition
src/openminion/modules/brain/execution/mission.py	3	2	current broad-handler baseline; ratchet by narrowing or typed-boundary-keep disposition
src/openminion/modules/brain/execution/orchestrate/parallel.py	1	0	current broad-handler baseline; ratchet by narrowing or typed-boundary-keep disposition
src/openminion/modules/brain/execution/runtime/closure/evaluator.py	4	0	current broad-handler baseline; ratchet by narrowing or typed-boundary-keep disposition
src/openminion/modules/brain/execution/runtime/closure/final_answer.py	1	0	current broad-handler baseline; ratchet by narrowing or typed-boundary-keep disposition
src/openminion/modules/brain/execution/runtime/closure/mission.py	1	0	current broad-handler baseline; ratchet by narrowing or typed-boundary-keep disposition
src/openminion/modules/brain/execution/runtime/memory/afe.py	1	0	current broad-handler baseline; ratchet by narrowing or typed-boundary-keep disposition
src/openminion/modules/brain/execution/runtime/memory/failure_reflection.py	1	0	current broad-handler baseline; ratchet by narrowing or typed-boundary-keep disposition
src/openminion/modules/brain/execution/runtime/memory/reflection.py	1	0	current broad-handler baseline; ratchet by narrowing or typed-boundary-keep disposition
src/openminion/modules/brain/execution/runtime/turn/dispatch.py	2	0	current broad-handler baseline; ratchet by narrowing or typed-boundary-keep disposition
src/openminion/modules/brain/execution/runtime/turn/feasibility.py	1	0	current broad-handler baseline; ratchet by narrowing or typed-boundary-keep disposition
src/openminion/modules/brain/execution/runtime/turn/post_action.py	3	0	current broad-handler baseline; ratchet by narrowing or typed-boundary-keep disposition
src/openminion/modules/brain/execution/runtime/turn/recursive.py	2	0	current broad-handler baseline; ratchet by narrowing or typed-boundary-keep disposition
src/openminion/modules/brain/execution/targets/delegated/handler.py	1	0	current broad-handler baseline; ratchet by narrowing or typed-boundary-keep disposition
src/openminion/modules/brain/execution/targets/delegated/strategies.py	5	0	current broad-handler baseline; ratchet by narrowing or typed-boundary-keep disposition
src/openminion/modules/brain/execution/tool_inventory.py	1	1	current broad-handler baseline; ratchet by narrowing or typed-boundary-keep disposition
src/openminion/modules/brain/execution/tool_resolution.py	1	0	current broad-handler baseline; ratchet by narrowing or typed-boundary-keep disposition
src/openminion/modules/brain/loop/adaptive/context.py	1	0	current broad-handler baseline; ratchet by narrowing or typed-boundary-keep disposition
src/openminion/modules/brain/loop/adaptive/events.py	3	0	current broad-handler baseline; ratchet by narrowing or typed-boundary-keep disposition
src/openminion/modules/brain/loop/adaptive/finalization.py	4	0	current broad-handler baseline; ratchet by narrowing or typed-boundary-keep disposition
src/openminion/modules/brain/loop/adaptive/seeded.py	3	2	current broad-handler baseline; ratchet by narrowing or typed-boundary-keep disposition
src/openminion/modules/brain/loop/context/pending_turn.py	1	0	current broad-handler baseline; ratchet by narrowing or typed-boundary-keep disposition
src/openminion/modules/brain/loop/continuation.py	4	0	current broad-handler baseline; ratchet by narrowing or typed-boundary-keep disposition
src/openminion/modules/brain/loop/entry_routing.py	1	0	current broad-handler baseline; ratchet by narrowing or typed-boundary-keep disposition
src/openminion/modules/brain/loop/orchestration.py	2	0	current broad-handler baseline; ratchet by narrowing or typed-boundary-keep disposition
src/openminion/modules/brain/loop/proactive_entrypoint.py	6	0	current broad-handler baseline; ratchet by narrowing or typed-boundary-keep disposition
src/openminion/modules/brain/loop/recursive/llm.py	3	1	current broad-handler baseline; ratchet by narrowing or typed-boundary-keep disposition
src/openminion/modules/brain/loop/recursive/memory.py	5	2	current broad-handler baseline; ratchet by narrowing or typed-boundary-keep disposition
src/openminion/modules/brain/loop/recursive/retrieval.py	10	0	current broad-handler baseline; ratchet by narrowing or typed-boundary-keep disposition
src/openminion/modules/brain/loop/rollouts/runner.py	3	0	current broad-handler baseline; ratchet by narrowing or typed-boundary-keep disposition
src/openminion/modules/brain/loop/rollouts/scorer.py	1	0	current broad-handler baseline; ratchet by narrowing or typed-boundary-keep disposition
src/openminion/modules/brain/loop/self_compaction.py	1	0	current broad-handler baseline; ratchet by narrowing or typed-boundary-keep disposition
src/openminion/modules/brain/loop/strategies/coding/plan.py	1	0	current broad-handler baseline; ratchet by narrowing or typed-boundary-keep disposition
src/openminion/modules/brain/loop/strategies/coding/results.py	2	0	current broad-handler baseline; ratchet by narrowing or typed-boundary-keep disposition
src/openminion/modules/brain/loop/strategies/coding/verification.py	1	0	current broad-handler baseline; ratchet by narrowing or typed-boundary-keep disposition
src/openminion/modules/brain/loop/strategies/coding/verification_flow.py	1	0	current broad-handler baseline; ratchet by narrowing or typed-boundary-keep disposition
src/openminion/modules/brain/loop/strategies/research/handler.py	8	3	current broad-handler baseline; ratchet by narrowing or typed-boundary-keep disposition
src/openminion/modules/brain/loop/tools/budget_control.py	4	0	current broad-handler baseline; ratchet by narrowing or typed-boundary-keep disposition
src/openminion/modules/brain/loop/tools/budget_finalization.py	2	0	current broad-handler baseline; ratchet by narrowing or typed-boundary-keep disposition
src/openminion/modules/brain/loop/tools/confirmation.py	2	0	current broad-handler baseline; ratchet by narrowing or typed-boundary-keep disposition
src/openminion/modules/brain/loop/tools/correction.py	1	0	current broad-handler baseline; ratchet by narrowing or typed-boundary-keep disposition
src/openminion/modules/brain/loop/tools/direct_tool.py	1	0	current broad-handler baseline; ratchet by narrowing or typed-boundary-keep disposition
src/openminion/modules/brain/loop/tools/duplicate_batch.py	1	0	current broad-handler baseline; ratchet by narrowing or typed-boundary-keep disposition
src/openminion/modules/brain/loop/tools/iteration/dispatch.py	1	0	current broad-handler baseline; ratchet by narrowing or typed-boundary-keep disposition
src/openminion/modules/brain/loop/tools/iteration/setup.py	1	0	current broad-handler baseline; ratchet by narrowing or typed-boundary-keep disposition
src/openminion/modules/brain/loop/tools/phases/child_execution.py	2	0	current broad-handler baseline; ratchet by narrowing or typed-boundary-keep disposition
src/openminion/modules/brain/loop/tools/phases/eval.py	1	0	current broad-handler baseline; ratchet by narrowing or typed-boundary-keep disposition
src/openminion/modules/brain/loop/tools/phases/refine.py	1	0	current broad-handler baseline; ratchet by narrowing or typed-boundary-keep disposition
src/openminion/modules/brain/loop/tools/plan.py	8	1	current broad-handler baseline; ratchet by narrowing or typed-boundary-keep disposition
src/openminion/modules/brain/loop/tools/plan_control.py	1	0	current broad-handler baseline; ratchet by narrowing or typed-boundary-keep disposition
src/openminion/modules/brain/loop/tools/postprocess/engine.py	2	0	current broad-handler baseline; ratchet by narrowing or typed-boundary-keep disposition
src/openminion/modules/brain/loop/tools/postprocess/rules.py	1	0	current broad-handler baseline; ratchet by narrowing or typed-boundary-keep disposition
src/openminion/modules/brain/loop/tools/runtime.py	1	0	current broad-handler baseline; ratchet by narrowing or typed-boundary-keep disposition
src/openminion/modules/brain/loop/tools/shortlisting.py	1	0	current broad-handler baseline; ratchet by narrowing or typed-boundary-keep disposition
src/openminion/modules/brain/loop/tools/startup.py	1	1	current broad-handler baseline; ratchet by narrowing or typed-boundary-keep disposition
src/openminion/modules/brain/loop/tools/structured_llm.py	2	1	current broad-handler baseline; ratchet by narrowing or typed-boundary-keep disposition
src/openminion/modules/brain/loop/tools/telemetry.py	1	0	current broad-handler baseline; ratchet by narrowing or typed-boundary-keep disposition
src/openminion/modules/brain/meta/evaluator.py	1	0	current broad-handler baseline; ratchet by narrowing or typed-boundary-keep disposition
src/openminion/modules/brain/retry.py	2	0	current broad-handler baseline; ratchet by narrowing or typed-boundary-keep disposition
src/openminion/modules/brain/runner/coordinator.py	5	1	current broad-handler baseline; ratchet by narrowing or typed-boundary-keep disposition
src/openminion/modules/brain/runner/lifecycle.py	2	0	current broad-handler baseline; ratchet by narrowing or typed-boundary-keep disposition
src/openminion/modules/brain/runner/tick/context.py	3	1	current broad-handler baseline; ratchet by narrowing or typed-boundary-keep disposition
src/openminion/modules/brain/runner/tick/input_processing.py	1	1	current broad-handler baseline; ratchet by narrowing or typed-boundary-keep disposition
src/openminion/modules/brain/runner/tick/orchestrator.py	2	2	current broad-handler baseline; ratchet by narrowing or typed-boundary-keep disposition
src/openminion/modules/brain/runner/turn.py	3	0	current broad-handler baseline; ratchet by narrowing or typed-boundary-keep disposition
src/openminion/modules/brain/runtime/approval/llm.py	1	0	current broad-handler baseline; ratchet by narrowing or typed-boundary-keep disposition
src/openminion/modules/brain/runtime/mrdd/hook.py	7	5	current broad-handler baseline; ratchet by narrowing or typed-boundary-keep disposition
src/openminion/modules/brain/runtime/recall/consultation.py	1	0	current broad-handler baseline; ratchet by narrowing or typed-boundary-keep disposition
src/openminion/modules/brain/runtime/recovery/pipeline.py	6	0	current broad-handler baseline; ratchet by narrowing or typed-boundary-keep disposition
src/openminion/modules/brain/runtime/tokens.py	1	0	current broad-handler baseline; ratchet by narrowing or typed-boundary-keep disposition
src/openminion/modules/brain/schemas/plan.py	1	0	current broad-handler baseline; ratchet by narrowing or typed-boundary-keep disposition
src/openminion/modules/brain/schemas/routing.py	2	1	current broad-handler baseline; ratchet by narrowing or typed-boundary-keep disposition
src/openminion/modules/brain/schemas/state.py	2	0	current broad-handler baseline; ratchet by narrowing or typed-boundary-keep disposition
src/openminion/modules/brain/state.py	5	0	current broad-handler baseline; ratchet by narrowing or typed-boundary-keep disposition
src/openminion/modules/brain/tool_catalog/runtime.py	6	1	current broad-handler baseline; ratchet by narrowing or typed-boundary-keep disposition
src/openminion/modules/brain/tools/action_dispatch.py	6	0	current broad-handler baseline; ratchet by narrowing or typed-boundary-keep disposition
src/openminion/modules/brain/tools/executor/agent.py	2	0	current broad-handler baseline; ratchet by narrowing or typed-boundary-keep disposition
src/openminion/modules/brain/tools/executor/think.py	1	0	current broad-handler baseline; ratchet by narrowing or typed-boundary-keep disposition
src/openminion/modules/brain/tools/executor/tool.py	6	3	current broad-handler baseline; ratchet by narrowing or typed-boundary-keep disposition
src/openminion/modules/brain/tools/lifecycle.py	1	0	current broad-handler baseline; ratchet by narrowing or typed-boundary-keep disposition
src/openminion/modules/brain/trailers/postprocess.py	1	0	current broad-handler baseline; ratchet by narrowing or typed-boundary-keep disposition
src/openminion/modules/context/compress/methods/llmlingua2.py	2	0	current broad-handler baseline; ratchet by narrowing or typed-boundary-keep disposition
src/openminion/modules/context/compress/service.py	1	0	current broad-handler baseline; ratchet by narrowing or typed-boundary-keep disposition
src/openminion/modules/context/knowledge/adapters/pragmagraph.py	1	0	current broad-handler baseline; ratchet by narrowing or typed-boundary-keep disposition
src/openminion/modules/context/knowledge/service.py	1	0	current broad-handler baseline; ratchet by narrowing or typed-boundary-keep disposition
src/openminion/modules/context/repo_map/parser.py	1	0	current broad-handler baseline; ratchet by narrowing or typed-boundary-keep disposition
src/openminion/modules/context/retrieval/bundle.py	2	0	current broad-handler baseline; ratchet by narrowing or typed-boundary-keep disposition
src/openminion/modules/context/retrieval/materials.py	3	0	current broad-handler baseline; ratchet by narrowing or typed-boundary-keep disposition
src/openminion/modules/context/service.py	4	2	current broad-handler baseline; ratchet by narrowing or typed-boundary-keep disposition
src/openminion/modules/context/state/projection.py	1	0	current broad-handler baseline; ratchet by narrowing or typed-boundary-keep disposition
src/openminion/modules/context/telemetry.py	6	4	current broad-handler baseline; ratchet by narrowing or typed-boundary-keep disposition
src/openminion/modules/controlplane/channels/slack/adapter.py	1	0	current broad-handler baseline; ratchet by narrowing or typed-boundary-keep disposition
src/openminion/modules/controlplane/channels/slack/cli.py	4	0	current broad-handler baseline; ratchet by narrowing or typed-boundary-keep disposition
src/openminion/modules/controlplane/channels/slack/runtime/helpers.py	1	0	current broad-handler baseline; ratchet by narrowing or typed-boundary-keep disposition
src/openminion/modules/controlplane/channels/telegram/bot_api.py	1	0	current broad-handler baseline; ratchet by narrowing or typed-boundary-keep disposition
src/openminion/modules/controlplane/channels/telegram/cli.py	1	1	current broad-handler baseline; ratchet by narrowing or typed-boundary-keep disposition
src/openminion/modules/controlplane/channels/telegram/debug_provider.py	2	0	current broad-handler baseline; ratchet by narrowing or typed-boundary-keep disposition
src/openminion/modules/controlplane/channels/telegram/listener.py	3	0	current broad-handler baseline; ratchet by narrowing or typed-boundary-keep disposition
src/openminion/modules/controlplane/channels/telegram/polling.py	8	0	current broad-handler baseline; ratchet by narrowing or typed-boundary-keep disposition
src/openminion/modules/controlplane/channels/telegram/reactions.py	1	0	current broad-handler baseline; ratchet by narrowing or typed-boundary-keep disposition
src/openminion/modules/controlplane/channels/telegram/runtime/helpers.py	8	0	current broad-handler baseline; ratchet by narrowing or typed-boundary-keep disposition
src/openminion/modules/controlplane/channels/telegram/storage/store.py	1	0	current broad-handler baseline; ratchet by narrowing or typed-boundary-keep disposition
src/openminion/modules/controlplane/channels/telegram/webhook.py	6	0	current broad-handler baseline; ratchet by narrowing or typed-boundary-keep disposition
src/openminion/modules/controlplane/commands/discovery.py	6	1	current broad-handler baseline; ratchet by narrowing or typed-boundary-keep disposition
src/openminion/modules/controlplane/commands/registry.py	4	0	current broad-handler baseline; ratchet by narrowing or typed-boundary-keep disposition
src/openminion/modules/controlplane/contracts/policy_client.py	4	0	current broad-handler baseline; ratchet by narrowing or typed-boundary-keep disposition
src/openminion/modules/controlplane/runtime/__init__.py	1	0	current broad-handler baseline; ratchet by narrowing or typed-boundary-keep disposition
src/openminion/modules/controlplane/runtime/audit.py	1	0	current broad-handler baseline; ratchet by narrowing or typed-boundary-keep disposition
src/openminion/modules/controlplane/runtime/channels.py	3	0	current broad-handler baseline; ratchet by narrowing or typed-boundary-keep disposition
src/openminion/modules/controlplane/runtime/client.py	3	0	current broad-handler baseline; ratchet by narrowing or typed-boundary-keep disposition
src/openminion/modules/controlplane/runtime/cron_delivery.py	1	0	current broad-handler baseline; ratchet by narrowing or typed-boundary-keep disposition
src/openminion/modules/controlplane/runtime/dispatcher.py	6	1	current broad-handler baseline; ratchet by narrowing or typed-boundary-keep disposition
src/openminion/modules/controlplane/runtime/gate.py	1	0	current broad-handler baseline; ratchet by narrowing or typed-boundary-keep disposition
src/openminion/modules/controlplane/runtime/timeline.py	1	0	current broad-handler baseline; ratchet by narrowing or typed-boundary-keep disposition
src/openminion/modules/controlplane/runtime/worker/inbox.py	2	0	current broad-handler baseline; ratchet by narrowing or typed-boundary-keep disposition
src/openminion/modules/controlplane/runtime/worker/outbox.py	2	0	current broad-handler baseline; ratchet by narrowing or typed-boundary-keep disposition
src/openminion/modules/controlplane/storage/rows.py	1	0	current broad-handler baseline; ratchet by narrowing or typed-boundary-keep disposition
src/openminion/modules/controlplane/wizard/runtime.py	1	0	current broad-handler baseline; ratchet by narrowing or typed-boundary-keep disposition
src/openminion/modules/controlplane/wizard/telegram.py	10	0	current broad-handler baseline; ratchet by narrowing or typed-boundary-keep disposition
src/openminion/modules/controlplane/wizard/terminal.py	5	0	current broad-handler baseline; ratchet by narrowing or typed-boundary-keep disposition
src/openminion/modules/identity/cli.py	8	0	current broad-handler baseline; ratchet by narrowing or typed-boundary-keep disposition
src/openminion/modules/identity/controlplane/main.py	10	0	current broad-handler baseline; ratchet by narrowing or typed-boundary-keep disposition
src/openminion/modules/identity/runtime/renderer.py	1	0	current broad-handler baseline; ratchet by narrowing or typed-boundary-keep disposition
src/openminion/modules/llm/config.py	1	0	current broad-handler baseline; ratchet by narrowing or typed-boundary-keep disposition
src/openminion/modules/llm/orchestration/service.py	2	0	current broad-handler baseline; ratchet by narrowing or typed-boundary-keep disposition
src/openminion/modules/llm/providers/bridge.py	1	0	current broad-handler baseline; ratchet by narrowing or typed-boundary-keep disposition
src/openminion/modules/llm/providers/cortensor/adapter.py	1	0	current broad-handler baseline; ratchet by narrowing or typed-boundary-keep disposition
src/openminion/modules/llm/providers/factory.py	3	0	current broad-handler baseline; ratchet by narrowing or typed-boundary-keep disposition
src/openminion/modules/llm/providers/normalization.py	1	0	current broad-handler baseline; ratchet by narrowing or typed-boundary-keep disposition
src/openminion/modules/llm/providers/openrouter/adapter.py	1	1	current broad-handler baseline; ratchet by narrowing or typed-boundary-keep disposition
src/openminion/modules/llm/providers/plugins.py	2	0	current broad-handler baseline; ratchet by narrowing or typed-boundary-keep disposition
src/openminion/modules/llm/providers/transport/debug.py	1	0	current broad-handler baseline; ratchet by narrowing or typed-boundary-keep disposition
src/openminion/modules/llm/providers/transport/http.py	1	0	current broad-handler baseline; ratchet by narrowing or typed-boundary-keep disposition
src/openminion/modules/llm/providers/transport/trace.py	3	0	current broad-handler baseline; ratchet by narrowing or typed-boundary-keep disposition
src/openminion/modules/llm/runtime/client.py	2	0	current broad-handler baseline; ratchet by narrowing or typed-boundary-keep disposition
src/openminion/modules/llm/runtime/flow.py	1	0	current broad-handler baseline; ratchet by narrowing or typed-boundary-keep disposition
src/openminion/modules/memory/cli.py	7	0	current broad-handler baseline; ratchet by narrowing or typed-boundary-keep disposition
src/openminion/modules/memory/diagnostics/debug.py	1	0	current broad-handler baseline; ratchet by narrowing or typed-boundary-keep disposition
src/openminion/modules/memory/diagnostics/export.py	4	0	current broad-handler baseline; ratchet by narrowing or typed-boundary-keep disposition
src/openminion/modules/memory/diagnostics/introspection.py	6	4	current broad-handler baseline; ratchet by narrowing or typed-boundary-keep disposition
src/openminion/modules/memory/observability/emitter.py	1	1	current broad-handler baseline; ratchet by narrowing or typed-boundary-keep disposition
src/openminion/modules/memory/portability/service.py	1	0	current broad-handler baseline; ratchet by narrowing or typed-boundary-keep disposition
src/openminion/modules/memory/runtime/candidate_lifecycle.py	3	1	current broad-handler baseline; ratchet by narrowing or typed-boundary-keep disposition
src/openminion/modules/memory/runtime/consolidation/eligibility.py	1	0	current broad-handler baseline; ratchet by narrowing or typed-boundary-keep disposition
src/openminion/modules/memory/runtime/consolidation/extract.py	2	0	current broad-handler baseline; ratchet by narrowing or typed-boundary-keep disposition
src/openminion/modules/memory/runtime/consolidation/merge.py	2	0	current broad-handler baseline; ratchet by narrowing or typed-boundary-keep disposition
src/openminion/modules/memory/runtime/gc_capacity.py	1	0	current broad-handler baseline; transaction rollback boundary moved from gc.py by MRGC
src/openminion/modules/memory/runtime/gc_confidence.py	1	0	current broad-handler baseline; transaction rollback boundary moved from gc.py by MRGC
src/openminion/modules/memory/runtime/gc_insights.py	1	0	current broad-handler baseline; transaction rollback boundary moved from gc.py by MRGC
src/openminion/modules/memory/runtime/gc_summaries.py	1	0	current broad-handler baseline; transaction rollback boundary moved from gc.py by MRGC
src/openminion/modules/memory/runtime/identity_seeder.py	2	1	current broad-handler baseline; ratchet by narrowing or typed-boundary-keep disposition
src/openminion/modules/memory/runtime/purge.py	2	1	current broad-handler baseline; ratchet by narrowing or typed-boundary-keep disposition
src/openminion/modules/memory/runtime/remote_transport.py	1	0	current broad-handler baseline; ratchet by narrowing or typed-boundary-keep disposition
src/openminion/modules/memory/runtime/retrieval_pipeline.py	4	1	current broad-handler baseline; ratchet by narrowing or typed-boundary-keep disposition
src/openminion/modules/memory/runtime/session_lifecycle.py	12	2	current broad-handler baseline; ratchet by narrowing or typed-boundary-keep disposition
src/openminion/modules/memory/runtime/skill_promotion.py	1	0	current broad-handler baseline; ratchet by narrowing or typed-boundary-keep disposition
src/openminion/modules/memory/runtime/sleep_runner.py	4	1	current broad-handler baseline; ratchet by narrowing or typed-boundary-keep disposition
src/openminion/modules/memory/runtime/staging.py	4	1	current broad-handler baseline; ratchet by narrowing or typed-boundary-keep disposition
src/openminion/modules/memory/runtime/turn_recording.py	4	0	current broad-handler baseline; ratchet by narrowing or typed-boundary-keep disposition
src/openminion/modules/memory/service/queries.py	2	0	current broad-handler baseline; ratchet by narrowing or typed-boundary-keep disposition
src/openminion/modules/memory/storage/audit.py	3	1	current broad-handler baseline; ratchet by narrowing or typed-boundary-keep disposition
src/openminion/modules/memory/storage/factory.py	1	0	current broad-handler baseline; ratchet by narrowing or typed-boundary-keep disposition
src/openminion/modules/memory/storage/sqlite/store.py	2	0	current broad-handler baseline; ratchet by narrowing or typed-boundary-keep disposition
src/openminion/modules/memory/storage/sqlite/write.py	4	0	current broad-handler baseline; ratchet by narrowing or typed-boundary-keep disposition
src/openminion/modules/memory/submissions/sdk_path.py	1	0	current broad-handler baseline; ratchet by narrowing or typed-boundary-keep disposition
src/openminion/modules/memory/surfacing/agent_context.py	9	1	current broad-handler baseline; ratchet by narrowing or typed-boundary-keep disposition
src/openminion/modules/policy/adapters/brain.py	1	0	current broad-handler baseline; ratchet by narrowing or typed-boundary-keep disposition
src/openminion/modules/policy/adapters/tool.py	1	0	current broad-handler baseline; ratchet by narrowing or typed-boundary-keep disposition
src/openminion/modules/registry/manifest.py	2	0	current broad-handler baseline; ratchet by narrowing or typed-boundary-keep disposition
src/openminion/modules/retrieve/cli.py	1	0	current broad-handler baseline; ratchet by narrowing or typed-boundary-keep disposition
src/openminion/modules/retrieve/runtime/retrieval.py	5	0	current broad-handler baseline; ratchet by narrowing or typed-boundary-keep disposition
src/openminion/modules/retrieve/runtime/retrieve.py	1	0	current broad-handler baseline; ratchet by narrowing or typed-boundary-keep disposition
src/openminion/modules/retrieve/storage/store.py	2	0	current broad-handler baseline; ratchet by narrowing or typed-boundary-keep disposition
src/openminion/modules/runtime/intervention.py	1	0	current broad-handler baseline; ratchet by narrowing or typed-boundary-keep disposition
src/openminion/modules/runtime/sandboxes/daytona/client.py	9	0	current broad-handler baseline; ratchet by narrowing or typed-boundary-keep disposition
src/openminion/modules/runtime/sandboxes/modal.py	1	0	current broad-handler baseline; ratchet by narrowing or typed-boundary-keep disposition
src/openminion/modules/secret/service.py	3	0	current broad-handler baseline; ratchet by narrowing or typed-boundary-keep disposition
src/openminion/modules/session/diagnostics/cleanup.py	4	0	current broad-handler baseline; ratchet by narrowing or typed-boundary-keep disposition
src/openminion/modules/session/fork_restore/telemetry.py	1	1	current broad-handler baseline; ratchet by narrowing or typed-boundary-keep disposition
src/openminion/modules/session/storage/cron_store.py	1	0	current broad-handler baseline; ratchet by narrowing or typed-boundary-keep disposition
src/openminion/modules/session/storage/events.py	1	0	current broad-handler baseline; ratchet by narrowing or typed-boundary-keep disposition
src/openminion/modules/session/storage/migrations/versions/0001_baseline.py	1	0	current broad-handler baseline; ratchet by narrowing or typed-boundary-keep disposition
src/openminion/modules/session/storage/replay.py	2	1	current broad-handler baseline; ratchet by narrowing or typed-boundary-keep disposition
src/openminion/modules/session/storage/store.py	2	0	current broad-handler baseline; ratchet by narrowing or typed-boundary-keep disposition
src/openminion/modules/session/storage/summaries.py	1	1	current broad-handler baseline; ratchet by narrowing or typed-boundary-keep disposition
src/openminion/modules/skill/authoring.py	1	1	current broad-handler baseline; ratchet by narrowing or typed-boundary-keep disposition
src/openminion/modules/skill/proposal/promotion.py	1	0	current broad-handler baseline; ratchet by narrowing or typed-boundary-keep disposition
src/openminion/modules/skill/proposal/review.py	2	0	current broad-handler baseline; ratchet by narrowing or typed-boundary-keep disposition
src/openminion/modules/skill/runtime/parser.py	1	0	current broad-handler baseline; ratchet by narrowing or typed-boundary-keep disposition
src/openminion/modules/skill/runtime/skill/__init__.py	1	1	current broad-handler baseline; ratchet by narrowing or typed-boundary-keep disposition
src/openminion/modules/skill/runtime/skill/catalog.py	3	0	current broad-handler baseline; ratchet by narrowing or typed-boundary-keep disposition
src/openminion/modules/skill/runtime/skill/ingest.py	3	0	current broad-handler baseline; ratchet by narrowing or typed-boundary-keep disposition
src/openminion/modules/storage/backends/blob_store.py	1	0	current broad-handler baseline; ratchet by narrowing or typed-boundary-keep disposition
src/openminion/modules/storage/backends/hybrid_store.py	7	2	current broad-handler baseline; ratchet by narrowing or typed-boundary-keep disposition
src/openminion/modules/storage/backends/postgres.py	13	3	current broad-handler baseline; ratchet by narrowing or typed-boundary-keep disposition
src/openminion/modules/storage/cli.py	16	5	current broad-handler baseline; ratchet by narrowing or typed-boundary-keep disposition
src/openminion/modules/storage/drill.py	2	0	current broad-handler baseline; ratchet by narrowing or typed-boundary-keep disposition
src/openminion/modules/storage/engine.py	2	1	current broad-handler baseline; ratchet by narrowing or typed-boundary-keep disposition
src/openminion/modules/storage/migrations/alembic.py	1	0	current broad-handler baseline; ratchet by narrowing or typed-boundary-keep disposition
src/openminion/modules/storage/migrations/backup.py	3	0	current broad-handler baseline; ratchet by narrowing or typed-boundary-keep disposition
src/openminion/modules/storage/migrations/runner.py	7	0	current broad-handler baseline; ratchet by narrowing or typed-boundary-keep disposition
src/openminion/modules/storage/migrations/transfer.py	7	0	current broad-handler baseline; ratchet by narrowing or typed-boundary-keep disposition
src/openminion/modules/storage/migrations/verify.py	1	0	current broad-handler baseline; ratchet by narrowing or typed-boundary-keep disposition
src/openminion/modules/storage/progress.py	5	0	current broad-handler baseline; ratchet by narrowing or typed-boundary-keep disposition
src/openminion/modules/storage/record_store.py	17	2	current broad-handler baseline; ratchet by narrowing or typed-boundary-keep disposition
src/openminion/modules/storage/runtime/context.py	1	0	current broad-handler baseline; ratchet by narrowing or typed-boundary-keep disposition
src/openminion/modules/storage/runtime/health_emitter.py	2	0	current broad-handler baseline; ratchet by narrowing or typed-boundary-keep disposition
src/openminion/modules/storage/runtime/migrations.py	1	0	current broad-handler baseline; ratchet by narrowing or typed-boundary-keep disposition
src/openminion/modules/storage/runtime/module_integrity.py	1	0	current broad-handler baseline; ratchet by narrowing or typed-boundary-keep disposition
src/openminion/modules/storage/runtime/module_io.py	1	0	current broad-handler baseline; ratchet by narrowing or typed-boundary-keep disposition
src/openminion/modules/storage/runtime/module_ops.py	7	0	current broad-handler baseline; ratchet by narrowing or typed-boundary-keep disposition
src/openminion/modules/storage/runtime/retrieval_service.py	2	0	current broad-handler baseline; ratchet by narrowing or typed-boundary-keep disposition
src/openminion/modules/storage/runtime/session_store/backend.py	1	0	current broad-handler baseline; ratchet by narrowing or typed-boundary-keep disposition
src/openminion/modules/storage/runtime/validation.py	4	2	current broad-handler baseline; ratchet by narrowing or typed-boundary-keep disposition
src/openminion/modules/storage/runtime/vector_index.py	2	0	current broad-handler baseline; ratchet by narrowing or typed-boundary-keep disposition
src/openminion/modules/storage/runtime/vector_sync.py	2	0	current broad-handler baseline; ratchet by narrowing or typed-boundary-keep disposition
src/openminion/modules/task/events.py	1	1	current broad-handler baseline; ratchet by narrowing or typed-boundary-keep disposition
src/openminion/modules/task/runtime/lifecycle.py	3	2	current broad-handler baseline; ratchet by narrowing or typed-boundary-keep disposition
src/openminion/modules/task/runtime/migration_runner.py	1	0	current broad-handler baseline; ratchet by narrowing or typed-boundary-keep disposition
src/openminion/modules/telemetry/events/module.py	4	0	current broad-handler baseline; ratchet by narrowing or typed-boundary-keep disposition
src/openminion/modules/telemetry/export/otel.py	4	1	current broad-handler baseline; ratchet by narrowing or typed-boundary-keep disposition
src/openminion/modules/telemetry/storage/hook.py	1	0	current broad-handler baseline; ratchet by narrowing or typed-boundary-keep disposition
src/openminion/modules/telemetry/trace/structured.py	1	0	current broad-handler baseline; ratchet by narrowing or typed-boundary-keep disposition
src/openminion/modules/tool/authoring/service.py	1	0	current broad-handler baseline; ratchet by narrowing or typed-boundary-keep disposition
src/openminion/modules/tool/bootstrap/registration.py	2	0	current broad-handler baseline; ratchet by narrowing or typed-boundary-keep disposition
src/openminion/modules/tool/bootstrap/runtime_build.py	1	0	current broad-handler baseline; ratchet by narrowing or typed-boundary-keep disposition
src/openminion/modules/tool/cli/runtime.py	3	0	current broad-handler baseline; ratchet by narrowing or typed-boundary-keep disposition
src/openminion/modules/tool/dispatch.py	1	1	current broad-handler baseline; ratchet by narrowing or typed-boundary-keep disposition
src/openminion/modules/tool/executor.py	1	0	current broad-handler baseline; ratchet by narrowing or typed-boundary-keep disposition
src/openminion/modules/tool/exposure/__init__.py	5	0	current broad-handler baseline; ratchet by narrowing or typed-boundary-keep disposition
src/openminion/modules/tool/exposure/service.py	1	0	current broad-handler baseline; ratchet by narrowing or typed-boundary-keep disposition
src/openminion/modules/tool/family/events.py	1	0	current broad-handler baseline; ratchet by narrowing or typed-boundary-keep disposition
src/openminion/modules/tool/family/runtime.py	1	0	current broad-handler baseline; ratchet by narrowing or typed-boundary-keep disposition
src/openminion/modules/tool/registry/__init__.py	1	1	current broad-handler baseline; ratchet by narrowing or typed-boundary-keep disposition
src/openminion/modules/tool/registry/catalog.py	2	0	current broad-handler baseline; ratchet by narrowing or typed-boundary-keep disposition
src/openminion/modules/tool/runtime/context.py	8	0	current broad-handler baseline; ratchet by narrowing or typed-boundary-keep disposition
src/openminion/modules/tool/runtime/environment.py	1	1	current broad-handler baseline; ratchet by narrowing or typed-boundary-keep disposition
src/openminion/modules/tool/runtime/plugin.py	7	2	current broad-handler baseline; ratchet by narrowing or typed-boundary-keep disposition
src/openminion/modules/tool/runtime/plugins.py	1	0	current broad-handler baseline; ratchet by narrowing or typed-boundary-keep disposition
src/openminion/modules/tool/runtime/policy.py	2	0	current broad-handler baseline; ratchet by narrowing or typed-boundary-keep disposition
src/openminion/modules/tool/runtime/registry_toolspec.py	9	0	current broad-handler baseline; ratchet by narrowing or typed-boundary-keep disposition
src/openminion/modules/tool/runtime/repositories.py	4	0	current broad-handler baseline; ratchet by narrowing or typed-boundary-keep disposition
src/openminion/modules/tool/runtime/tools_core.py	1	0	current broad-handler baseline; ratchet by narrowing or typed-boundary-keep disposition
src/openminion/modules/tool/schema_service.py	10	4	current broad-handler baseline; ratchet by narrowing or typed-boundary-keep disposition
src/openminion/modules/tool/selection/service.py	8	1	current broad-handler baseline; ratchet by narrowing or typed-boundary-keep disposition
src/openminion/services/agent/context/history.py	2	0	current broad-handler baseline; ratchet by narrowing or typed-boundary-keep disposition
src/openminion/services/agent/execution/composition.py	1	0	current broad-handler baseline; ratchet by narrowing or typed-boundary-keep disposition
src/openminion/services/agent/execution/finalization.py	2	0	current broad-handler baseline; ratchet by narrowing or typed-boundary-keep disposition
src/openminion/services/agent/execution/followup.py	1	0	current broad-handler baseline; ratchet by narrowing or typed-boundary-keep disposition
src/openminion/services/agent/execution/loop_quality.py	1	0	current broad-handler baseline; ratchet by narrowing or typed-boundary-keep disposition
src/openminion/services/agent/execution/progress.py	3	3	current broad-handler baseline; ratchet by narrowing or typed-boundary-keep disposition
src/openminion/services/agent/execution/resources.py	2	0	current broad-handler baseline; ratchet by narrowing or typed-boundary-keep disposition
src/openminion/services/agent/execution/tool_arguments.py	1	0	current broad-handler baseline; ratchet by narrowing or typed-boundary-keep disposition
src/openminion/services/agent/execution/tool_plan.py	1	0	current broad-handler baseline; ratchet by narrowing or typed-boundary-keep disposition
src/openminion/services/agent/identity_binding.py	11	0	current broad-handler baseline; ratchet by narrowing or typed-boundary-keep disposition
src/openminion/services/agent/memory/gateway_adapter.py	7	4	current broad-handler baseline; ratchet by narrowing or typed-boundary-keep disposition
src/openminion/services/agent/service.py	3	0	current broad-handler baseline; ratchet by narrowing or typed-boundary-keep disposition
src/openminion/services/agent/telemetry.py	3	0	current broad-handler baseline; ratchet by narrowing or typed-boundary-keep disposition
src/openminion/services/brain/client.py	1	0	current broad-handler baseline; ratchet by narrowing or typed-boundary-keep disposition
src/openminion/services/brain/factory/retrieve.py	3	0	current broad-handler baseline; ratchet by narrowing or typed-boundary-keep disposition
src/openminion/services/brain/factory/rlm.py	2	0	current broad-handler baseline; ratchet by narrowing or typed-boundary-keep disposition
src/openminion/services/brain/factory/vector.py	3	0	current broad-handler baseline; ratchet by narrowing or typed-boundary-keep disposition
src/openminion/services/brain/metadata.py	1	0	current broad-handler baseline; ratchet by narrowing or typed-boundary-keep disposition
src/openminion/services/brain/post_execution/context.py	13	6	current broad-handler baseline; ratchet by narrowing or typed-boundary-keep disposition
src/openminion/services/brain/post_execution/followup.py	1	0	current broad-handler baseline; ratchet by narrowing or typed-boundary-keep disposition
src/openminion/services/brain/post_execution/mixin.py	2	1	current broad-handler baseline; ratchet by narrowing or typed-boundary-keep disposition
src/openminion/services/brain/post_execution/reset.py	6	0	current broad-handler baseline; ratchet by narrowing or typed-boundary-keep disposition
src/openminion/services/brain/post_execution/usage.py	1	0	current broad-handler baseline; ratchet by narrowing or typed-boundary-keep disposition
src/openminion/services/brain/service.py	5	0	current broad-handler baseline; ratchet by narrowing or typed-boundary-keep disposition
src/openminion/services/context/adapter.py	2	1	current broad-handler baseline; ratchet by narrowing or typed-boundary-keep disposition
src/openminion/services/context/session.py	8	0	current broad-handler baseline; ratchet by narrowing or typed-boundary-keep disposition
src/openminion/services/cron/scheduler.py	6	0	current broad-handler baseline; ratchet by narrowing or typed-boundary-keep disposition
src/openminion/services/gateway/context.py	4	0	current broad-handler baseline; ratchet by narrowing or typed-boundary-keep disposition
src/openminion/services/gateway/memory.py	5	0	current broad-handler baseline; ratchet by narrowing or typed-boundary-keep disposition
src/openminion/services/gateway/security.py	1	1	current broad-handler baseline; ratchet by narrowing or typed-boundary-keep disposition
src/openminion/services/gateway/service.py	6	0	current broad-handler baseline; ratchet by narrowing or typed-boundary-keep disposition
src/openminion/services/gateway/turn/__init__.py	2	0	current broad-handler baseline; ratchet by narrowing or typed-boundary-keep disposition
src/openminion/services/gateway/turn/lifecycle.py	3	0	current broad-handler baseline; ratchet by narrowing or typed-boundary-keep disposition
src/openminion/services/gateway/turn/runtime.py	1	0	current broad-handler baseline; ratchet by narrowing or typed-boundary-keep disposition
src/openminion/services/health/lifecycle.py	3	1	current broad-handler baseline; ratchet by narrowing or typed-boundary-keep disposition
src/openminion/services/health/observability.py	4	1	current broad-handler baseline; ratchet by narrowing or typed-boundary-keep disposition
src/openminion/services/health/probes.py	3	1	current broad-handler baseline; ratchet by narrowing or typed-boundary-keep disposition
src/openminion/services/identity/client.py	4	0	current broad-handler baseline; ratchet by narrowing or typed-boundary-keep disposition
src/openminion/services/runtime/a2a_delegate.py	3	0	current broad-handler baseline; ratchet by narrowing or typed-boundary-keep disposition
src/openminion/services/runtime/bootstrap.py	5	0	current broad-handler baseline; ratchet by narrowing or typed-boundary-keep disposition
src/openminion/services/runtime/catalog.py	1	0	current broad-handler baseline; ratchet by narrowing or typed-boundary-keep disposition
src/openminion/services/runtime/channel_supervisor.py	5	0	current broad-handler baseline; ratchet by narrowing or typed-boundary-keep disposition
src/openminion/services/runtime/cli.py	1	0	current broad-handler baseline; ratchet by narrowing or typed-boundary-keep disposition
src/openminion/services/runtime/cron/delivery.py	1	0	current broad-handler baseline; ratchet by narrowing or typed-boundary-keep disposition
src/openminion/services/runtime/cron/executor.py	15	2	current broad-handler baseline; ratchet by narrowing or typed-boundary-keep disposition
src/openminion/services/runtime/daemon.py	6	0	current broad-handler baseline; ratchet by narrowing or typed-boundary-keep disposition
src/openminion/services/runtime/engine.py	1	0	current broad-handler baseline; ratchet by narrowing or typed-boundary-keep disposition
src/openminion/services/runtime/ingress/execution.py	1	0	current broad-handler baseline; ratchet by narrowing or typed-boundary-keep disposition
src/openminion/services/runtime/ingress/payloads.py	1	0	current broad-handler baseline; ratchet by narrowing or typed-boundary-keep disposition
src/openminion/services/runtime/ingress/timing.py	3	2	current broad-handler baseline; ratchet by narrowing or typed-boundary-keep disposition
src/openminion/services/runtime/manager.py	3	2	current broad-handler baseline; ratchet by narrowing or typed-boundary-keep disposition
src/openminion/services/runtime/memory.py	5	4	current broad-handler baseline; ratchet by narrowing or typed-boundary-keep disposition
src/openminion/services/runtime/plugins/discovery.py	2	0	current broad-handler baseline; ratchet by narrowing or typed-boundary-keep disposition
src/openminion/services/runtime/plugins/hook_runner.py	4	0	current broad-handler baseline; ratchet by narrowing or typed-boundary-keep disposition
src/openminion/services/runtime/plugins/registry.py	1	0	current broad-handler baseline; ratchet by narrowing or typed-boundary-keep disposition
src/openminion/services/runtime/routine_context.py	1	0	current broad-handler baseline; ratchet by narrowing or typed-boundary-keep disposition
src/openminion/services/runtime/sidecars/manager.py	2	0	current broad-handler baseline; ratchet by narrowing or typed-boundary-keep disposition
src/openminion/services/runtime/turn_input/queue.py	1	0	current broad-handler baseline; ratchet by narrowing or typed-boundary-keep disposition
src/openminion/tools/agent/plugin.py	4	0	current broad-handler baseline; ratchet by narrowing or typed-boundary-keep disposition
src/openminion/tools/browser/dispatch.py	3	0	current broad-handler baseline; ratchet by narrowing or typed-boundary-keep disposition
src/openminion/tools/browser/providers/pinchtab/client.py	1	0	current broad-handler baseline; ratchet by narrowing or typed-boundary-keep disposition
src/openminion/tools/browser/providers/pinchtab/daemon.py	1	0	current broad-handler baseline; ratchet by narrowing or typed-boundary-keep disposition
src/openminion/tools/browser/providers/playwright/actions.py	1	0	current broad-handler baseline; ratchet by narrowing or typed-boundary-keep disposition
src/openminion/tools/browser/providers/playwright/coercion.py	3	0	current broad-handler baseline; ratchet by narrowing or typed-boundary-keep disposition
src/openminion/tools/browser/providers/playwright/outputs.py	1	0	current broad-handler baseline; ratchet by narrowing or typed-boundary-keep disposition
src/openminion/tools/browser/providers/playwright/provider.py	4	4	current broad-handler baseline; ratchet by narrowing or typed-boundary-keep disposition
src/openminion/tools/browser/providers/playwright/runtime.py	4	1	current broad-handler baseline; ratchet by narrowing or typed-boundary-keep disposition
src/openminion/tools/browser/providers/playwright/snapshot_text.py	1	0	current broad-handler baseline; ratchet by narrowing or typed-boundary-keep disposition
src/openminion/tools/browser/providers/playwright/snapshots.py	4	0	current broad-handler baseline; ratchet by narrowing or typed-boundary-keep disposition
src/openminion/tools/browser/runtime.py	1	0	current broad-handler baseline; ratchet by narrowing or typed-boundary-keep disposition
src/openminion/tools/browser/session_state.py	2	0	current broad-handler baseline; ratchet by narrowing or typed-boundary-keep disposition
src/openminion/tools/browser/tab_resolver.py	1	0	current broad-handler baseline; ratchet by narrowing or typed-boundary-keep disposition
src/openminion/tools/browser/tool.py	3	0	current broad-handler baseline; ratchet by narrowing or typed-boundary-keep disposition
src/openminion/tools/code/plugin.py	4	0	current broad-handler baseline; ratchet by narrowing or typed-boundary-keep disposition
src/openminion/tools/exec/process.py	7	2	current broad-handler baseline; ratchet by narrowing or typed-boundary-keep disposition
src/openminion/tools/exec/sessions.py	2	0	current broad-handler baseline; ratchet by narrowing or typed-boundary-keep disposition
src/openminion/tools/fetch/plugin.py	2	1	current broad-handler baseline; ratchet by narrowing or typed-boundary-keep disposition
src/openminion/tools/fetch/policy.py	1	0	current broad-handler baseline; ratchet by narrowing or typed-boundary-keep disposition
src/openminion/tools/fetch/providers/core_http.py	2	1	current broad-handler baseline; ratchet by narrowing or typed-boundary-keep disposition
src/openminion/tools/fetch/providers/firecrawl/provider.py	2	0	current broad-handler baseline; ratchet by narrowing or typed-boundary-keep disposition
src/openminion/tools/fetch/providers/scrapling/provider.py	1	0	current broad-handler baseline; ratchet by narrowing or typed-boundary-keep disposition
src/openminion/tools/fetch/providers/tinyfish/provider.py	2	0	current broad-handler baseline; ratchet by narrowing or typed-boundary-keep disposition
src/openminion/tools/file/backends/local.py	10	0	current broad-handler baseline; ratchet by narrowing or typed-boundary-keep disposition
src/openminion/tools/github/rest.py	2	0	current broad-handler baseline; ratchet by narrowing or typed-boundary-keep disposition
src/openminion/tools/ip/plugin.py	5	0	current broad-handler baseline; ratchet by narrowing or typed-boundary-keep disposition
src/openminion/tools/location/plugin.py	6	0	current broad-handler baseline; ratchet by narrowing or typed-boundary-keep disposition
src/openminion/tools/mcp/manager.py	2	0	current broad-handler baseline; ratchet by narrowing or typed-boundary-keep disposition
src/openminion/tools/mcp/server/published.py	3	0	current broad-handler baseline; ratchet by narrowing or typed-boundary-keep disposition
src/openminion/tools/mcp/session.py	3	0	current broad-handler baseline; ratchet by narrowing or typed-boundary-keep disposition
src/openminion/tools/mcp/transport.py	2	1	current broad-handler baseline; ratchet by narrowing or typed-boundary-keep disposition
src/openminion/tools/mcp/transport_protocol.py	1	0	current broad-handler baseline; ratchet by narrowing or typed-boundary-keep disposition
src/openminion/tools/ops/change.py	1	0	current broad-handler baseline; ratchet by narrowing or typed-boundary-keep disposition
src/openminion/tools/ops/service.py	1	0	current broad-handler baseline; ratchet by narrowing or typed-boundary-keep disposition
src/openminion/tools/ops/transports.py	1	0	current broad-handler baseline; ratchet by narrowing or typed-boundary-keep disposition
src/openminion/tools/reaction/plugin.py	3	0	current broad-handler baseline; ratchet by narrowing or typed-boundary-keep disposition
src/openminion/tools/search/plugin.py	3	0	current broad-handler baseline; ratchet by narrowing or typed-boundary-keep disposition
src/openminion/tools/search/providers/brave/plugin.py	1	0	current broad-handler baseline; ratchet by narrowing or typed-boundary-keep disposition
src/openminion/tools/search/providers/brave/provider.py	1	0	current broad-handler baseline; ratchet by narrowing or typed-boundary-keep disposition
src/openminion/tools/search/providers/firecrawl/provider.py	1	0	current broad-handler baseline; ratchet by narrowing or typed-boundary-keep disposition
src/openminion/tools/search/providers/serpapi/provider.py	1	0	current broad-handler baseline; ratchet by narrowing or typed-boundary-keep disposition
src/openminion/tools/search/providers/serper/provider.py	1	0	current broad-handler baseline; ratchet by narrowing or typed-boundary-keep disposition
src/openminion/tools/search/providers/tavily/search.py	2	0	current broad-handler baseline; ratchet by narrowing or typed-boundary-keep disposition
src/openminion/tools/search/providers/tinyfish/provider.py	1	0	current broad-handler baseline; ratchet by narrowing or typed-boundary-keep disposition
src/openminion/tools/skill/plugin.py	5	0	current broad-handler baseline; ratchet by narrowing or typed-boundary-keep disposition
src/openminion/tools/skill/url_ingest.py	5	2	current broad-handler baseline; ratchet by narrowing or typed-boundary-keep disposition
src/openminion/tools/task/plugin.py	5	2	current broad-handler baseline; ratchet by narrowing or typed-boundary-keep disposition
src/openminion/tools/task/scheduled_task/runtime.py	1	0	current broad-handler baseline; ratchet by narrowing or typed-boundary-keep disposition
src/openminion/tools/task/scheduled_task/views.py	2	0	current broad-handler baseline; ratchet by narrowing or typed-boundary-keep disposition
src/openminion/tools/time/plugin.py	5	0	current broad-handler baseline; ratchet by narrowing or typed-boundary-keep disposition
src/openminion/tools/tool_catalog/plugin.py	1	0	current broad-handler baseline; ratchet by narrowing or typed-boundary-keep disposition
src/openminion/tools/weather/plugin.py	2	0	current broad-handler baseline; ratchet by narrowing or typed-boundary-keep disposition
src/openminion/tools/weather/providers/openmeteo/plugin.py	4	0	current broad-handler baseline; ratchet by narrowing or typed-boundary-keep disposition
src/openminion/tools/weather/providers/openmeteo/runtime.py	2	0	current broad-handler baseline; ratchet by narrowing or typed-boundary-keep disposition
src/openminion/tools/weather/providers/weatherapi/provider.py	1	0	current broad-handler baseline; ratchet by narrowing or typed-boundary-keep disposition
